TestCaseID,talk_time_month,unpaid_num_year,cost
0,1,0,25.1485
1,2,0,25.297
2,22320,0,3272.56
3,60,-1,error
4,-1,0,error
5,60,1,33.91
6,60,2,34
7,61,2,34.01275
8,61,3,34.15
9,120,2,42.73
10,120,3,43
11,121,3,42.787
12,121,4,43.15
13,180,2,51.46
14,180,3,51.46
15,181,3,51.47125
16,181,4,52.15
17,181,4,52.15
18,300,3,68.875
19,300,4,70
20,300,6,70
21,301,6,68.7955
22,301,7,70.15
23,301,0,68.7955
